Date,Rate,Country
1/2/2017,100,Cambodia
1/2/2017,100,Lao PDR
1/2/2017,100,Myanmar
1/2/2017,100,Vietnam
1/2/2017,100,Thailand
1/3/2017,99.93,Cambodia
1/3/2017,99.91,Lao PDR
1/3/2017,99.67,Myanmar
1/3/2017,99.8,Vietnam
1/3/2017,100.31,Thailand
1/4/2017,100.16,Cambodia
1/4/2017,100,Lao PDR
1/4/2017,99.13,Myanmar
1/4/2017,99.71,Vietnam
1/4/2017,100,Thailand
1/5/2017,100.27,Cambodia
1/5/2017,100.01,Lao PDR
1/5/2017,99.45,Myanmar
1/5/2017,99.5,Vietnam
1/5/2017,99.61,Thailand
1/6/2017,100.08,Cambodia
1/6/2017,100,Lao PDR
1/6/2017,99.34,Myanmar
1/6/2017,98.99,Vietnam
1/6/2017,99.78,Thailand
1/9/2017,100.14,Cambodia
1/9/2017,100.07,Lao PDR
1/9/2017,99.71,Myanmar
1/9/2017,99.08,Vietnam
1/9/2017,99.53,Thailand
1/10/2017,100.05,Cambodia
1/10/2017,100.07,Lao PDR
1/10/2017,99.78,Myanmar
1/10/2017,99.03,Vietnam
1/10/2017,99.27,Thailand
1/11/2017,100.38,Cambodia
1/11/2017,100.07,Lao PDR
1/11/2017,99.96,Myanmar
1/11/2017,99.03,Vietnam
1/11/2017,98.97,Thailand
1/12/2017,99.87,Cambodia
1/12/2017,100.16,Lao PDR
1/12/2017,100.33,Myanmar
1/12/2017,99.03,Vietnam
1/12/2017,98.74,Thailand
1/13/2017,99.83,Cambodia
1/13/2017,100.16,Lao PDR
1/13/2017,100.07,Myanmar
1/13/2017,99.02,Vietnam
1/13/2017,98.91,Thailand
1/16/2017,99.83,Cambodia
1/16/2017,100.16,Lao PDR
1/16/2017,99.52,Myanmar
1/16/2017,99.03,Vietnam
1/16/2017,98.91,Thailand
1/17/2017,100.05,Cambodia
1/17/2017,100.07,Lao PDR
1/17/2017,99.67,Myanmar
1/17/2017,99.03,Vietnam
1/17/2017,98.49,Thailand
1/18/2017,99.96,Cambodia
1/18/2017,99.96,Lao PDR
1/18/2017,100,Myanmar
1/18/2017,99.03,Vietnam
1/18/2017,98.91,Thailand
1/19/2017,99.81,Cambodia
1/19/2017,100.16,Lao PDR
1/19/2017,100.18,Myanmar
1/19/2017,99,Vietnam
1/19/2017,98.77,Thailand
1/20/2017,99.71,Cambodia
1/20/2017,100.18,Lao PDR
1/20/2017,99.52,Myanmar
1/20/2017,99.03,Vietnam
1/20/2017,98.84,Thailand
1/23/2017,99.81,Cambodia
1/23/2017,100.06,Lao PDR
1/23/2017,99.93,Myanmar
1/23/2017,98.94,Vietnam
1/23/2017,98.41,Thailand
1/24/2017,100.14,Cambodia
1/24/2017,100.06,Lao PDR
1/24/2017,99.93,Myanmar
1/24/2017,99.04,Vietnam
1/24/2017,98.38,Thailand
1/25/2017,100.1,Cambodia
1/25/2017,100.08,Lao PDR
1/25/2017,99.78,Myanmar
1/25/2017,99.12,Vietnam
1/25/2017,98.32,Thailand
1/26/2017,99.88,Cambodia
1/26/2017,100.08,Lao PDR
1/26/2017,100.29,Myanmar
1/26/2017,99.6,Vietnam
1/26/2017,98.6,Thailand
1/27/2017,99.68,Cambodia
1/27/2017,100.05,Lao PDR
1/27/2017,100.33,Myanmar
1/27/2017,99.12,Vietnam
1/27/2017,98.48,Thailand
1/30/2017,100.35,Cambodia
1/30/2017,100.1,Lao PDR
1/30/2017,99.3,Myanmar
1/30/2017,98.77,Vietnam
1/30/2017,98.32,Thailand
1/31/2017,99.68,Cambodia
1/31/2017,100.06,Lao PDR
1/31/2017,99.63,Myanmar
1/31/2017,98.73,Vietnam
1/31/2017,97.96,Thailand
2/1/2017,99.83,Cambodia
2/1/2017,99.98,Lao PDR
2/1/2017,100.04,Myanmar
2/1/2017,99.46,Vietnam
2/1/2017,98.02,Thailand
2/2/2017,99.81,Cambodia
2/2/2017,99.99,Lao PDR
2/2/2017,99.82,Myanmar
2/2/2017,99.34,Vietnam
2/2/2017,97.88,Thailand
2/3/2017,99.71,Cambodia
2/3/2017,99.99,Lao PDR
2/3/2017,100.55,Myanmar
2/3/2017,99.26,Vietnam
2/3/2017,97.77,Thailand
2/6/2017,99.81,Cambodia
2/6/2017,100.04,Lao PDR
2/6/2017,100.55,Myanmar
2/6/2017,99.11,Vietnam
2/6/2017,97.71,Thailand
2/7/2017,99.73,Cambodia
2/7/2017,99.99,Lao PDR
2/7/2017,100.59,Myanmar
2/7/2017,99.2,Vietnam
2/7/2017,97.79,Thailand
2/8/2017,100.18,Cambodia
2/8/2017,100.03,Lao PDR
2/8/2017,100.74,Myanmar
2/8/2017,99.39,Vietnam
2/8/2017,97.77,Thailand
2/9/2017,99.56,Cambodia
2/9/2017,100.04,Lao PDR
2/9/2017,101.03,Myanmar
2/9/2017,99.46,Vietnam
2/9/2017,97.96,Thailand
2/10/2017,100.42,Cambodia
2/10/2017,99.99,Lao PDR
2/10/2017,101.25,Myanmar
2/10/2017,99.35,Vietnam
2/10/2017,97.88,Thailand
2/13/2017,99.72,Cambodia
2/13/2017,100.04,Lao PDR
2/13/2017,101.14,Myanmar
2/13/2017,99.48,Vietnam
2/13/2017,97.93,Thailand
2/14/2017,99.65,Cambodia
2/14/2017,100.06,Lao PDR
2/14/2017,100.75,Myanmar
2/14/2017,99.79,Vietnam
2/14/2017,97.77,Thailand
2/15/2017,99.51,Cambodia
2/15/2017,100.12,Lao PDR
2/15/2017,99.96,Myanmar
2/15/2017,99.94,Vietnam
2/15/2017,97.79,Thailand
2/16/2017,98.97,Cambodia
2/16/2017,100.1,Lao PDR
2/16/2017,100.37,Myanmar
2/16/2017,99.87,Vietnam
2/16/2017,97.68,Thailand
2/17/2017,98.97,Cambodia
2/17/2017,100.1,Lao PDR
2/17/2017,100.74,Myanmar
2/17/2017,100.01,Vietnam
2/17/2017,97.7,Thailand
2/20/2017,99.56,Cambodia
2/20/2017,100.08,Lao PDR
2/20/2017,100.4,Myanmar
2/20/2017,100.1,Vietnam
2/20/2017,97.77,Thailand
2/21/2017,99.54,Cambodia
2/21/2017,100.07,Lao PDR
2/21/2017,100.88,Myanmar
2/21/2017,100.17,Vietnam
2/21/2017,97.77,Thailand
2/22/2017,99.45,Cambodia
2/22/2017,100.13,Lao PDR
2/22/2017,100.92,Myanmar
2/22/2017,100.17,Vietnam
2/22/2017,97.77,Thailand
2/23/2017,99.45,Cambodia
2/23/2017,100.13,Lao PDR
2/23/2017,100.88,Myanmar
2/23/2017,100.16,Vietnam
2/23/2017,97.63,Thailand
2/24/2017,98.84,Cambodia
2/24/2017,100.11,Lao PDR
2/24/2017,100.74,Myanmar
2/24/2017,100.1,Vietnam
2/24/2017,97.36,Thailand
2/27/2017,98.82,Cambodia
2/27/2017,100.11,Lao PDR
2/27/2017,100.74,Myanmar
2/27/2017,99.95,Vietnam
2/27/2017,97.26,Thailand
2/28/2017,99.44,Cambodia
2/28/2017,100.13,Lao PDR
2/28/2017,100.55,Myanmar
2/28/2017,99.83,Vietnam
2/28/2017,97.54,Thailand
3/1/2017,98.84,Cambodia
3/1/2017,100.13,Lao PDR
3/1/2017,99.93,Myanmar
3/1/2017,100.03,Vietnam
3/1/2017,97.68,Thailand
3/2/2017,99.45,Cambodia
3/2/2017,100.13,Lao PDR
3/2/2017,100.08,Myanmar
3/2/2017,100.12,Vietnam
3/2/2017,97.85,Thailand
3/3/2017,99.45,Cambodia
3/3/2017,100.13,Lao PDR
3/3/2017,100.18,Myanmar
3/3/2017,100.22,Vietnam
3/3/2017,97.79,Thailand
3/6/2017,99.41,Cambodia
3/6/2017,100.13,Lao PDR
3/6/2017,99.85,Myanmar
3/6/2017,100.05,Vietnam
3/6/2017,97.93,Thailand
3/7/2017,99.42,Cambodia
3/7/2017,100.14,Lao PDR
3/7/2017,99.82,Myanmar
3/7/2017,100.05,Vietnam
3/7/2017,98.05,Thailand
3/8/2017,99.3,Cambodia
3/8/2017,100.16,Lao PDR
3/8/2017,100.18,Myanmar
3/8/2017,100.03,Vietnam
3/8/2017,98.58,Thailand
3/9/2017,99.26,Cambodia
3/9/2017,100.18,Lao PDR
3/9/2017,100.96,Myanmar
3/9/2017,100.04,Vietnam
3/9/2017,98.77,Thailand
3/10/2017,99.14,Cambodia
3/10/2017,100.18,Lao PDR
3/10/2017,101.1,Myanmar
3/10/2017,100.03,Vietnam
3/10/2017,98.6,Thailand
3/13/2017,99.27,Cambodia
3/13/2017,100.16,Lao PDR
3/13/2017,100.77,Myanmar
3/13/2017,100.05,Vietnam
3/13/2017,98.52,Thailand
3/14/2017,99.23,Cambodia
3/14/2017,100.1,Lao PDR
3/14/2017,101.07,Myanmar
3/14/2017,100.05,Vietnam
3/14/2017,98.58,Thailand
3/15/2017,99.22,Cambodia
3/15/2017,100.14,Lao PDR
3/15/2017,101.18,Myanmar
3/15/2017,100.15,Vietnam
3/15/2017,97.91,Thailand
3/16/2017,99.14,Cambodia
3/16/2017,100.13,Lao PDR
3/16/2017,100.26,Myanmar
3/16/2017,99.94,Vietnam
3/16/2017,97.49,Thailand
3/17/2017,98.56,Cambodia
3/17/2017,100.1,Lao PDR
3/17/2017,100.85,Myanmar
3/17/2017,99.96,Vietnam
3/17/2017,97.26,Thailand
3/20/2017,99.32,Cambodia
3/20/2017,100.14,Lao PDR
3/20/2017,100.96,Myanmar
3/20/2017,100,Vietnam
3/20/2017,96.76,Thailand
3/21/2017,98.62,Cambodia
3/21/2017,100.1,Lao PDR
3/21/2017,100.92,Myanmar
3/21/2017,99.95,Vietnam
3/21/2017,96.96,Thailand
3/22/2017,99.33,Cambodia
3/22/2017,100.11,Lao PDR
3/22/2017,100.88,Myanmar
3/22/2017,99.92,Vietnam
3/22/2017,96.43,Thailand
3/23/2017,99.3,Cambodia
3/23/2017,100.13,Lao PDR
3/23/2017,100.85,Myanmar
3/23/2017,100.01,Vietnam
3/23/2017,96.57,Thailand
3/24/2017,98.73,Cambodia
3/24/2017,100.07,Lao PDR
3/24/2017,100.74,Myanmar
3/24/2017,99.98,Vietnam
3/24/2017,96.51,Thailand
3/27/2017,99.26,Cambodia
3/27/2017,100.14,Lao PDR
3/27/2017,100.75,Myanmar
3/27/2017,99.92,Vietnam
3/27/2017,95.97,Thailand
3/28/2017,99.18,Cambodia
3/28/2017,100.14,Lao PDR
3/28/2017,100.7,Myanmar
3/28/2017,99.92,Vietnam
3/28/2017,96.18,Thailand
3/29/2017,99.18,Cambodia
3/29/2017,100.17,Lao PDR
3/29/2017,100.48,Myanmar
3/29/2017,99.92,Vietnam
3/29/2017,96.08,Thailand
3/30/2017,99.3,Cambodia
3/30/2017,100.22,Lao PDR
3/30/2017,99.93,Myanmar
3/30/2017,99.9,Vietnam
3/30/2017,96.18,Thailand
3/31/2017,99.59,Cambodia
3/31/2017,100.17,Lao PDR
3/31/2017,100.18,Myanmar
3/31/2017,99.83,Vietnam
3/31/2017,95.9,Thailand
4/3/2017,99.51,Cambodia
4/3/2017,100.17,Lao PDR
4/3/2017,99.85,Myanmar
4/3/2017,99.75,Vietnam
4/3/2017,95.95,Thailand
4/4/2017,99.38,Cambodia
4/4/2017,100.17,Lao PDR
4/4/2017,99.67,Myanmar
4/4/2017,99.57,Vietnam
4/4/2017,96.2,Thailand
4/5/2017,99.09,Cambodia
4/5/2017,100.1,Lao PDR
4/5/2017,99.93,Myanmar
4/5/2017,99.55,Vietnam
4/5/2017,96.43,Thailand
4/6/2017,99.38,Cambodia
4/6/2017,100.18,Lao PDR
4/6/2017,100.15,Myanmar
4/6/2017,99.55,Vietnam
4/6/2017,96.54,Thailand
4/7/2017,99.09,Cambodia
4/7/2017,100.2,Lao PDR
4/7/2017,100.07,Myanmar
4/7/2017,99.5,Vietnam
4/7/2017,96.62,Thailand
4/10/2017,99.8,Cambodia
4/10/2017,100.26,Lao PDR
4/10/2017,100.07,Myanmar
4/10/2017,99.53,Vietnam
4/10/2017,96.65,Thailand
4/11/2017,99.75,Cambodia
4/11/2017,100.19,Lao PDR
4/11/2017,99.85,Myanmar
4/11/2017,99.39,Vietnam
4/11/2017,96.45,Thailand
4/12/2017,99.76,Cambodia
4/12/2017,100.25,Lao PDR
4/12/2017,100,Myanmar
4/12/2017,99.47,Vietnam
4/12/2017,96.04,Thailand
4/13/2017,99.72,Cambodia
4/13/2017,100.25,Lao PDR
4/13/2017,100,Myanmar
4/13/2017,99.5,Vietnam
4/13/2017,95.95,Thailand
4/14/2017,98.82,Cambodia
4/14/2017,100.1,Lao PDR
4/14/2017,100.22,Myanmar
4/14/2017,99.98,Vietnam
4/14/2017,95.9,Thailand
4/17/2017,99.68,Cambodia
4/17/2017,100.26,Lao PDR
4/17/2017,99.93,Myanmar
4/17/2017,99.7,Vietnam
4/17/2017,95.73,Thailand
4/18/2017,99.65,Cambodia
4/18/2017,100.24,Lao PDR
4/18/2017,100,Myanmar
4/18/2017,99.66,Vietnam
4/18/2017,95.84,Thailand
4/19/2017,99.61,Cambodia
4/19/2017,100.24,Lao PDR
4/19/2017,99.52,Myanmar
4/19/2017,99.76,Vietnam
4/19/2017,96.04,Thailand
4/20/2017,99.95,Cambodia
4/20/2017,100.22,Lao PDR
4/20/2017,99.6,Myanmar
4/20/2017,99.72,Vietnam
4/20/2017,96.01,Thailand
4/21/2017,98.84,Cambodia
4/21/2017,100.24,Lao PDR
4/21/2017,99.56,Myanmar
4/21/2017,99.69,Vietnam
4/21/2017,95.92,Thailand
4/24/2017,99.87,Cambodia
4/24/2017,100.2,Lao PDR
4/24/2017,99.41,Myanmar
4/24/2017,99.68,Vietnam
4/24/2017,95.92,Thailand
4/25/2017,99.46,Cambodia
4/25/2017,100.23,Lao PDR
4/25/2017,99.74,Myanmar
4/25/2017,99.88,Vietnam
4/25/2017,96.15,Thailand
4/26/2017,99.31,Cambodia
4/26/2017,100.1,Lao PDR
4/26/2017,100.59,Myanmar
4/26/2017,99.77,Vietnam
4/26/2017,96.26,Thailand
4/27/2017,99.56,Cambodia
4/27/2017,100.1,Lao PDR
4/27/2017,100.33,Myanmar
4/27/2017,99.73,Vietnam
4/27/2017,96.59,Thailand
4/28/2017,99.8,Cambodia
4/28/2017,100.22,Lao PDR
4/28/2017,100.18,Myanmar
4/28/2017,99.78,Vietnam
4/28/2017,96.57,Thailand
5/1/2017,99.56,Cambodia
5/1/2017,100.11,Lao PDR
5/1/2017,100.52,Myanmar
5/1/2017,99.81,Vietnam
5/1/2017,96.59,Thailand
5/2/2017,99.83,Cambodia
5/2/2017,100.11,Lao PDR
5/2/2017,99.23,Myanmar
5/2/2017,99.71,Vietnam
5/2/2017,96.23,Thailand
5/3/2017,100.24,Cambodia
5/3/2017,100.2,Lao PDR
5/3/2017,99.89,Myanmar
5/3/2017,99.78,Vietnam
5/3/2017,96.45,Thailand
5/4/2017,99.81,Cambodia
5/4/2017,100.1,Lao PDR
5/4/2017,99.45,Myanmar
5/4/2017,99.81,Vietnam
5/4/2017,96.68,Thailand
5/5/2017,99.81,Cambodia
5/5/2017,100.11,Lao PDR
5/5/2017,100.26,Myanmar
5/5/2017,99.73,Vietnam
5/5/2017,96.79,Thailand
5/8/2017,99.83,Cambodia
5/8/2017,100.1,Lao PDR
5/8/2017,100.04,Myanmar
5/8/2017,99.72,Vietnam
5/8/2017,96.73,Thailand
5/9/2017,100.11,Cambodia
5/9/2017,100.16,Lao PDR
5/9/2017,100.81,Myanmar
5/9/2017,99.73,Vietnam
5/9/2017,97.11,Thailand
5/10/2017,100.03,Cambodia
5/10/2017,100.11,Lao PDR
5/10/2017,100.82,Myanmar
5/10/2017,99.77,Vietnam
5/10/2017,97.07,Thailand
5/11/2017,99.83,Cambodia
5/11/2017,100.1,Lao PDR
5/11/2017,99.78,Myanmar
5/11/2017,99.7,Vietnam
5/11/2017,96.9,Thailand
5/12/2017,99.81,Cambodia
5/12/2017,100.1,Lao PDR
5/12/2017,99.78,Myanmar
5/12/2017,99.55,Vietnam
5/12/2017,96.76,Thailand
5/15/2017,99.68,Cambodia
5/15/2017,100.11,Lao PDR
5/15/2017,99.71,Myanmar
5/15/2017,99.51,Vietnam
5/15/2017,96.45,Thailand
5/16/2017,99.98,Cambodia
5/16/2017,100.18,Lao PDR
5/16/2017,100.88,Myanmar
5/16/2017,99.37,Vietnam
5/16/2017,96.23,Thailand
5/17/2017,100.07,Cambodia
5/17/2017,100.11,Lao PDR
5/17/2017,100.15,Myanmar
5/17/2017,99.48,Vietnam
5/17/2017,96.26,Thailand
5/18/2017,100.46,Cambodia
5/18/2017,100.17,Lao PDR
5/18/2017,101.07,Myanmar
5/18/2017,99.59,Vietnam
5/18/2017,96.37,Thailand
5/19/2017,100.08,Cambodia
5/19/2017,100.2,Lao PDR
5/19/2017,100.85,Myanmar
5/19/2017,99.37,Vietnam
5/19/2017,95.84,Thailand
5/22/2017,100.3,Cambodia
5/22/2017,100.08,Lao PDR
5/22/2017,100.81,Myanmar
5/22/2017,99.65,Vietnam
5/22/2017,95.78,Thailand
5/23/2017,100.22,Cambodia
5/23/2017,100.18,Lao PDR
5/23/2017,100.77,Myanmar
5/23/2017,99.59,Vietnam
5/23/2017,96.15,Thailand
5/24/2017,100.18,Cambodia
5/24/2017,100.2,Lao PDR
5/24/2017,100.85,Myanmar
5/24/2017,99.43,Vietnam
5/24/2017,95.87,Thailand
5/25/2017,100.65,Cambodia
5/25/2017,100.09,Lao PDR
5/25/2017,100.92,Myanmar
5/25/2017,99.48,Vietnam
5/25/2017,95.31,Thailand
5/26/2017,99.71,Cambodia
5/26/2017,100.1,Lao PDR
5/26/2017,100.11,Myanmar
5/26/2017,99.7,Vietnam
5/26/2017,95.06,Thailand
5/29/2017,100.59,Cambodia
5/29/2017,100.23,Lao PDR
5/29/2017,100.51,Myanmar
5/29/2017,99.77,Vietnam
5/29/2017,95.23,Thailand
5/30/2017,100.78,Cambodia
5/30/2017,100.14,Lao PDR
5/30/2017,100.66,Myanmar
5/30/2017,99.7,Vietnam
5/30/2017,95.27,Thailand
5/31/2017,100.73,Cambodia
5/31/2017,100.15,Lao PDR
5/31/2017,100.85,Myanmar
5/31/2017,99.66,Vietnam
5/31/2017,95.03,Thailand
6/1/2017,100.59,Cambodia
6/1/2017,100.15,Lao PDR
6/1/2017,100.33,Myanmar
6/1/2017,99.64,Vietnam
6/1/2017,95.34,Thailand
6/2/2017,100.61,Cambodia
6/2/2017,100.23,Lao PDR
6/2/2017,100.18,Myanmar
6/2/2017,99.66,Vietnam
6/2/2017,95.04,Thailand
6/5/2017,100.63,Cambodia
6/5/2017,100.15,Lao PDR
6/5/2017,99.71,Myanmar
6/5/2017,99.66,Vietnam
6/5/2017,94.95,Thailand
6/6/2017,100.45,Cambodia
6/6/2017,100.16,Lao PDR
6/6/2017,99.85,Myanmar
6/6/2017,99.7,Vietnam
6/6/2017,94.78,Thailand
6/7/2017,100.85,Cambodia
6/7/2017,100.2,Lao PDR
6/7/2017,100,Myanmar
6/7/2017,99.7,Vietnam
6/7/2017,95,Thailand
6/8/2017,101.29,Cambodia
6/8/2017,100.27,Lao PDR
6/8/2017,99.34,Myanmar
6/8/2017,99.55,Vietnam
6/8/2017,95.14,Thailand
6/9/2017,100.42,Cambodia
6/9/2017,100.14,Lao PDR
6/9/2017,99.71,Myanmar
6/9/2017,99.54,Vietnam
6/9/2017,95.1,Thailand
6/12/2017,101.01,Cambodia
6/12/2017,100.36,Lao PDR
6/12/2017,100.11,Myanmar
6/12/2017,99.56,Vietnam
6/12/2017,95.06,Thailand
6/13/2017,100.91,Cambodia
6/13/2017,100.5,Lao PDR
6/13/2017,100.51,Myanmar
6/13/2017,99.56,Vietnam
6/13/2017,94.68,Thailand
6/14/2017,101.03,Cambodia
6/14/2017,100.49,Lao PDR
6/14/2017,100.48,Myanmar
6/14/2017,99.61,Vietnam
6/14/2017,94.67,Thailand
6/15/2017,101.03,Cambodia
6/15/2017,100.53,Lao PDR
6/15/2017,99.85,Myanmar
6/15/2017,99.55,Vietnam
6/15/2017,94.84,Thailand
6/16/2017,100.57,Cambodia
6/16/2017,100.61,Lao PDR
6/16/2017,100.63,Myanmar
6/16/2017,99.55,Vietnam
6/16/2017,94.75,Thailand
6/19/2017,101.06,Cambodia
6/19/2017,100.6,Lao PDR
6/19/2017,99.82,Myanmar
6/19/2017,99.66,Vietnam
6/19/2017,94.84,Thailand
6/20/2017,101.21,Cambodia
6/20/2017,100.72,Lao PDR
6/20/2017,100.63,Myanmar
6/20/2017,99.7,Vietnam
6/20/2017,94.95,Thailand
6/21/2017,101.16,Cambodia
6/21/2017,100.74,Lao PDR
6/21/2017,101.1,Myanmar
6/21/2017,99.59,Vietnam
6/21/2017,94.92,Thailand
6/22/2017,101.25,Cambodia
6/22/2017,100.73,Lao PDR
6/22/2017,100.11,Myanmar
6/22/2017,99.64,Vietnam
6/22/2017,94.89,Thailand
6/23/2017,101.22,Cambodia
6/23/2017,100.73,Lao PDR
6/23/2017,100.18,Myanmar
6/23/2017,99.7,Vietnam
6/23/2017,94.72,Thailand
6/26/2017,101.23,Cambodia
6/26/2017,100.73,Lao PDR
6/26/2017,100.63,Myanmar
6/26/2017,99.7,Vietnam
6/26/2017,94.84,Thailand
6/27/2017,101.19,Cambodia
6/27/2017,100.77,Lao PDR
6/27/2017,100.7,Myanmar
6/27/2017,99.7,Vietnam
6/27/2017,94.86,Thailand
6/28/2017,101.21,Cambodia
6/28/2017,100.75,Lao PDR
6/28/2017,100.66,Myanmar
6/28/2017,99.77,Vietnam
6/28/2017,94.81,Thailand
6/29/2017,101.25,Cambodia
6/29/2017,100.74,Lao PDR
6/29/2017,100.55,Myanmar
6/29/2017,99.73,Vietnam
6/29/2017,94.92,Thailand
6/30/2017,101.28,Cambodia
6/30/2017,100.74,Lao PDR
6/30/2017,100.48,Myanmar
6/30/2017,99.7,Vietnam
6/30/2017,94.72,Thailand
7/3/2017,101.04,Cambodia
7/3/2017,100.69,Lao PDR
7/3/2017,100.59,Myanmar
7/3/2017,99.75,Vietnam
7/3/2017,94.91,Thailand
7/4/2017,100.97,Cambodia
7/4/2017,100.76,Lao PDR
7/4/2017,100.77,Myanmar
7/4/2017,99.75,Vietnam
7/4/2017,94.92,Thailand
7/5/2017,101.29,Cambodia
7/5/2017,100.79,Lao PDR
7/5/2017,100.63,Myanmar
7/5/2017,99.77,Vietnam
7/5/2017,94.95,Thailand
7/6/2017,101.26,Cambodia
7/6/2017,100.82,Lao PDR
7/6/2017,100.74,Myanmar
7/6/2017,99.75,Vietnam
7/6/2017,95.09,Thailand
7/7/2017,101.28,Cambodia
7/7/2017,100.81,Lao PDR
7/7/2017,99.82,Myanmar
7/7/2017,99.7,Vietnam
7/7/2017,95.23,Thailand
7/10/2017,101.44,Cambodia
7/10/2017,100.87,Lao PDR
7/10/2017,99.96,Myanmar
7/10/2017,99.7,Vietnam
7/10/2017,95.25,Thailand
7/11/2017,101.45,Cambodia
7/11/2017,100.81,Lao PDR
7/11/2017,100.22,Myanmar
7/11/2017,99.7,Vietnam
7/11/2017,95.17,Thailand
7/12/2017,101.26,Cambodia
7/12/2017,100.84,Lao PDR
7/12/2017,100.48,Myanmar
7/12/2017,99.71,Vietnam
7/12/2017,94.79,Thailand
7/13/2017,101.04,Cambodia
7/13/2017,100.86,Lao PDR
7/13/2017,101.22,Myanmar
7/13/2017,99.7,Vietnam
7/13/2017,94.72,Thailand
7/14/2017,101.45,Cambodia
7/14/2017,100.93,Lao PDR
7/14/2017,100.77,Myanmar
7/14/2017,99.7,Vietnam
7/14/2017,94.28,Thailand
7/17/2017,101.26,Cambodia
7/17/2017,101.11,Lao PDR
7/17/2017,100.63,Myanmar
7/17/2017,99.72,Vietnam
7/17/2017,93.83,Thailand
7/18/2017,101.3,Cambodia
7/18/2017,101.03,Lao PDR
7/18/2017,100,Myanmar
7/18/2017,99.72,Vietnam
7/18/2017,93.75,Thailand
7/19/2017,101.28,Cambodia
7/19/2017,101.05,Lao PDR
7/19/2017,100.07,Myanmar
7/19/2017,99.75,Vietnam
7/19/2017,93.8,Thailand
7/20/2017,101.39,Cambodia
7/20/2017,101.08,Lao PDR
7/20/2017,100.81,Myanmar
7/20/2017,99.75,Vietnam
7/20/2017,93.75,Thailand
7/21/2017,101.19,Cambodia
7/21/2017,101.14,Lao PDR
7/21/2017,100.33,Myanmar
7/21/2017,99.7,Vietnam
7/21/2017,93.41,Thailand
7/24/2017,101.09,Cambodia
7/24/2017,100.82,Lao PDR
7/24/2017,100.55,Myanmar
7/24/2017,99.72,Vietnam
7/24/2017,93.3,Thailand
7/25/2017,101.11,Cambodia
7/25/2017,101.11,Lao PDR
7/25/2017,100.85,Myanmar
7/25/2017,99.73,Vietnam
7/25/2017,93.44,Thailand
7/26/2017,101.13,Cambodia
7/26/2017,101.06,Lao PDR
7/26/2017,100.7,Myanmar
7/26/2017,99.71,Vietnam
7/26/2017,93.24,Thailand
7/27/2017,101.15,Cambodia
7/27/2017,101.16,Lao PDR
7/27/2017,100.44,Myanmar
7/27/2017,99.7,Vietnam
7/27/2017,93.08,Thailand
7/28/2017,101.19,Cambodia
7/28/2017,101.04,Lao PDR
7/28/2017,100.37,Myanmar
7/28/2017,99.72,Vietnam
7/28/2017,93.19,Thailand
7/31/2017,101.07,Cambodia
7/31/2017,101.2,Lao PDR
7/31/2017,100.22,Myanmar
7/31/2017,99.71,Vietnam
7/31/2017,92.96,Thailand
8/1/2017,101.23,Cambodia
8/1/2017,101.08,Lao PDR
8/1/2017,100.22,Myanmar
8/1/2017,99.7,Vietnam
8/1/2017,92.91,Thailand
8/2/2017,101.25,Cambodia
8/2/2017,101.09,Lao PDR
8/2/2017,100.11,Myanmar
8/2/2017,99.7,Vietnam
8/2/2017,92.85,Thailand
8/3/2017,101.07,Cambodia
8/3/2017,101.11,Lao PDR
8/3/2017,100.18,Myanmar
8/3/2017,99.73,Vietnam
8/3/2017,92.85,Thailand
8/4/2017,101.05,Cambodia
8/4/2017,101.11,Lao PDR
8/4/2017,100.4,Myanmar
8/4/2017,99.75,Vietnam
8/4/2017,92.91,Thailand
8/7/2017,101.24,Cambodia
8/7/2017,101.14,Lao PDR
8/7/2017,100.22,Myanmar
8/7/2017,99.75,Vietnam
8/7/2017,92.91,Thailand
8/8/2017,101.23,Cambodia
8/8/2017,101.06,Lao PDR
8/8/2017,100.44,Myanmar
8/8/2017,99.75,Vietnam
8/8/2017,92.91,Thailand
8/9/2017,101.27,Cambodia
8/9/2017,101.1,Lao PDR
8/9/2017,100.51,Myanmar
8/9/2017,99.72,Vietnam
8/9/2017,92.85,Thailand
8/10/2017,101.19,Cambodia
8/10/2017,101.16,Lao PDR
8/10/2017,100.33,Myanmar
8/10/2017,99.75,Vietnam
8/10/2017,92.8,Thailand
8/11/2017,101.54,Cambodia
8/11/2017,101.07,Lao PDR
8/11/2017,100.26,Myanmar
8/11/2017,99.71,Vietnam
8/11/2017,92.69,Thailand
8/14/2017,101.51,Cambodia
8/14/2017,101.13,Lao PDR
8/14/2017,100.29,Myanmar
8/14/2017,99.71,Vietnam
8/14/2017,92.85,Thailand
8/15/2017,101.71,Cambodia
8/15/2017,101.11,Lao PDR
8/15/2017,100.29,Myanmar
8/15/2017,99.71,Vietnam
8/15/2017,92.99,Thailand
8/16/2017,101.68,Cambodia
8/16/2017,101.14,Lao PDR
8/16/2017,100.33,Myanmar
8/16/2017,99.71,Vietnam
8/16/2017,92.85,Thailand
8/17/2017,101.7,Cambodia
8/17/2017,101.14,Lao PDR
8/17/2017,100.48,Myanmar
8/17/2017,99.72,Vietnam
8/17/2017,92.83,Thailand
8/18/2017,101.7,Cambodia
8/18/2017,101.17,Lao PDR
8/18/2017,100.44,Myanmar
8/18/2017,99.72,Vietnam
8/18/2017,92.74,Thailand
8/21/2017,101.65,Cambodia
8/21/2017,101.23,Lao PDR
8/21/2017,100,Myanmar
8/21/2017,99.71,Vietnam
8/21/2017,92.8,Thailand
8/22/2017,101.57,Cambodia
8/22/2017,101.23,Lao PDR
8/22/2017,100,Myanmar
8/22/2017,99.72,Vietnam
8/22/2017,92.8,Thailand
8/23/2017,101.49,Cambodia
8/23/2017,101.27,Lao PDR
8/23/2017,100.26,Myanmar
8/23/2017,99.75,Vietnam
8/23/2017,93.05,Thailand
8/24/2017,101.35,Cambodia
8/24/2017,101.27,Lao PDR
8/24/2017,99.56,Myanmar
8/24/2017,99.76,Vietnam
8/24/2017,93.05,Thailand
8/25/2017,101.3,Cambodia
8/25/2017,101.3,Lao PDR
8/25/2017,100.26,Myanmar
8/25/2017,99.73,Vietnam
8/25/2017,92.8,Thailand
8/28/2017,101.04,Cambodia
8/28/2017,101.15,Lao PDR
8/28/2017,100.18,Myanmar
8/28/2017,99.75,Vietnam
8/28/2017,92.66,Thailand
8/29/2017,101.18,Cambodia
8/29/2017,101.34,Lao PDR
8/29/2017,99.34,Myanmar
8/29/2017,99.76,Vietnam
8/29/2017,92.66,Thailand
8/30/2017,101.18,Cambodia
8/30/2017,101.18,Lao PDR
8/30/2017,100.22,Myanmar
8/30/2017,99.73,Vietnam
8/30/2017,92.71,Thailand
8/31/2017,101.05,Cambodia
8/31/2017,101.19,Lao PDR
8/31/2017,100.04,Myanmar
8/31/2017,99.71,Vietnam
8/31/2017,92.63,Thailand
9/1/2017,100.08,Cambodia
9/1/2017,101.38,Lao PDR
9/1/2017,100.15,Myanmar
9/1/2017,99.72,Vietnam
9/1/2017,92.57,Thailand
9/4/2017,100.05,Cambodia
9/4/2017,101.19,Lao PDR
9/4/2017,99.3,Myanmar
9/4/2017,99.72,Vietnam
9/4/2017,92.57,Thailand
9/5/2017,100.05,Cambodia
9/5/2017,101.28,Lao PDR
9/5/2017,99.93,Myanmar
9/5/2017,99.72,Vietnam
9/5/2017,92.57,Thailand
9/6/2017,100.9,Cambodia
9/6/2017,101.28,Lao PDR
9/6/2017,99.89,Myanmar
9/6/2017,99.7,Vietnam
9/6/2017,92.55,Thailand
9/7/2017,100.97,Cambodia
9/7/2017,101.29,Lao PDR
9/7/2017,100,Myanmar
9/7/2017,99.7,Vietnam
9/7/2017,92.38,Thailand
9/8/2017,100.95,Cambodia
9/8/2017,101.34,Lao PDR
9/8/2017,99.6,Myanmar
9/8/2017,99.71,Vietnam
9/8/2017,92.46,Thailand
9/11/2017,100.1,Cambodia
9/11/2017,101.34,Lao PDR
9/11/2017,99.49,Myanmar
9/11/2017,99.68,Vietnam
9/11/2017,92.46,Thailand
9/12/2017,100.12,Cambodia
9/12/2017,101.29,Lao PDR
9/12/2017,99.52,Myanmar
9/12/2017,99.7,Vietnam
9/12/2017,92.46,Thailand
9/13/2017,100.06,Cambodia
9/13/2017,101.29,Lao PDR
9/13/2017,99.56,Myanmar
9/13/2017,99.7,Vietnam
9/13/2017,92.52,Thailand
9/14/2017,100.05,Cambodia
9/14/2017,101.28,Lao PDR
9/14/2017,99.71,Myanmar
9/14/2017,99.7,Vietnam
9/14/2017,92.32,Thailand
9/15/2017,100.08,Cambodia
9/15/2017,101.4,Lao PDR
9/15/2017,99.82,Myanmar
9/15/2017,99.7,Vietnam
9/15/2017,92.43,Thailand
9/18/2017,100.23,Cambodia
9/18/2017,101.26,Lao PDR
9/18/2017,99.01,Myanmar
9/18/2017,99.7,Vietnam
9/18/2017,92.41,Thailand
9/19/2017,100.3,Cambodia
9/19/2017,101.38,Lao PDR
9/19/2017,100.22,Myanmar
9/19/2017,99.7,Vietnam
9/19/2017,92.35,Thailand
9/20/2017,100.31,Cambodia
9/20/2017,101.39,Lao PDR
9/20/2017,100.26,Myanmar
9/20/2017,99.71,Vietnam
9/20/2017,92.41,Thailand
9/21/2017,100.33,Cambodia
9/21/2017,101.4,Lao PDR
9/21/2017,100.33,Myanmar
9/21/2017,99.7,Vietnam
9/21/2017,92.43,Thailand
9/22/2017,100.33,Cambodia
9/22/2017,101.4,Lao PDR
9/22/2017,100.22,Myanmar
9/22/2017,99.7,Vietnam
9/22/2017,92.35,Thailand
9/25/2017,100.3,Cambodia
9/25/2017,101.35,Lao PDR
9/25/2017,100.29,Myanmar
9/25/2017,99.75,Vietnam
9/25/2017,92.41,Thailand
9/26/2017,100.2,Cambodia
9/26/2017,101.29,Lao PDR
9/26/2017,100.29,Myanmar
9/26/2017,99.72,Vietnam
9/26/2017,92.7,Thailand
9/27/2017,100.05,Cambodia
9/27/2017,101.38,Lao PDR
9/27/2017,100.28,Myanmar
9/27/2017,99.72,Vietnam
9/27/2017,92.96,Thailand
9/28/2017,100.08,Cambodia
9/28/2017,101.38,Lao PDR
9/28/2017,100.26,Myanmar
9/28/2017,99.7,Vietnam
9/28/2017,93.22,Thailand
9/29/2017,100.16,Cambodia
9/29/2017,101.35,Lao PDR
9/29/2017,100.37,Myanmar
9/29/2017,99.72,Vietnam
9/29/2017,93.05,Thailand
10/2/2017,100.08,Cambodia
10/2/2017,101.38,Lao PDR
10/2/2017,100.37,Myanmar
10/2/2017,99.71,Vietnam
10/2/2017,93.33,Thailand
10/3/2017,100.33,Cambodia
10/3/2017,101.35,Lao PDR
10/3/2017,100.22,Myanmar
10/3/2017,99.7,Vietnam
10/3/2017,93.16,Thailand
10/4/2017,100.05,Cambodia
10/4/2017,101.35,Lao PDR
10/4/2017,100.22,Myanmar
10/4/2017,99.7,Vietnam
10/4/2017,93.09,Thailand
10/5/2017,100.11,Cambodia
10/5/2017,101.34,Lao PDR
10/5/2017,100.22,Myanmar
10/5/2017,99.7,Vietnam
10/5/2017,93.24,Thailand
10/6/2017,100.1,Cambodia
10/6/2017,101.34,Lao PDR
10/6/2017,100.22,Myanmar
10/6/2017,99.7,Vietnam
10/6/2017,93.33,Thailand
10/9/2017,100.05,Cambodia
10/9/2017,101.34,Lao PDR
10/9/2017,99.26,Myanmar
10/9/2017,99.7,Vietnam
10/9/2017,93.19,Thailand
10/10/2017,100.07,Cambodia
10/10/2017,101.33,Lao PDR
10/10/2017,100.26,Myanmar
10/10/2017,99.72,Vietnam
10/10/2017,92.83,Thailand
10/11/2017,100.05,Cambodia
10/11/2017,101.34,Lao PDR
10/11/2017,100.33,Myanmar
10/11/2017,99.68,Vietnam
10/11/2017,92.63,Thailand
10/12/2017,99.96,Cambodia
10/12/2017,101.51,Lao PDR
10/12/2017,100.4,Myanmar
10/12/2017,99.68,Vietnam
10/12/2017,92.49,Thailand
10/13/2017,99.95,Cambodia
10/13/2017,101.46,Lao PDR
10/13/2017,99.82,Myanmar
10/13/2017,99.68,Vietnam
10/13/2017,92.29,Thailand
10/16/2017,99.84,Cambodia
10/16/2017,101.46,Lao PDR
10/16/2017,100.37,Myanmar
10/16/2017,99.67,Vietnam
10/16/2017,92.29,Thailand
10/17/2017,99.91,Cambodia
10/17/2017,101.52,Lao PDR
10/17/2017,100.39,Myanmar
10/17/2017,99.67,Vietnam
10/17/2017,92.46,Thailand
10/18/2017,99.73,Cambodia
10/18/2017,101.32,Lao PDR
10/18/2017,100.59,Myanmar
10/18/2017,99.68,Vietnam
10/18/2017,92.55,Thailand
10/19/2017,99.78,Cambodia
10/19/2017,101.63,Lao PDR
10/19/2017,100.59,Myanmar
10/19/2017,99.69,Vietnam
10/19/2017,92.41,Thailand
10/20/2017,99.73,Cambodia
10/20/2017,101.57,Lao PDR
10/20/2017,100.59,Myanmar
10/20/2017,99.67,Vietnam
10/20/2017,92.63,Thailand
10/23/2017,99.77,Cambodia
10/23/2017,101.64,Lao PDR
10/23/2017,100.63,Myanmar
10/23/2017,99.7,Vietnam
10/23/2017,92.63,Thailand
10/24/2017,99.88,Cambodia
10/24/2017,101.6,Lao PDR
10/24/2017,100.66,Myanmar
10/24/2017,99.68,Vietnam
10/24/2017,92.67,Thailand
10/25/2017,99.76,Cambodia
10/25/2017,101.64,Lao PDR
10/25/2017,100.7,Myanmar
10/25/2017,99.7,Vietnam
10/25/2017,92.66,Thailand
10/26/2017,99.9,Cambodia
10/26/2017,101.57,Lao PDR
10/26/2017,100.7,Myanmar
10/26/2017,99.7,Vietnam
10/26/2017,92.8,Thailand
10/27/2017,99.71,Cambodia
10/27/2017,101.63,Lao PDR
10/27/2017,100.74,Myanmar
10/27/2017,99.64,Vietnam
10/27/2017,92.77,Thailand
10/30/2017,99.93,Cambodia
10/30/2017,101.63,Lao PDR
10/30/2017,100.74,Myanmar
10/30/2017,99.64,Vietnam
10/30/2017,92.77,Thailand
10/31/2017,99.78,Cambodia
10/31/2017,101.63,Lao PDR
10/31/2017,100.74,Myanmar
10/31/2017,99.64,Vietnam
10/31/2017,92.77,Thailand
11/1/2017,99.73,Cambodia
11/1/2017,101.63,Lao PDR
11/1/2017,100.74,Myanmar
11/1/2017,99.65,Vietnam
11/1/2017,92.52,Thailand
11/2/2017,99.83,Cambodia
11/2/2017,101.63,Lao PDR
11/2/2017,100.74,Myanmar
11/2/2017,99.65,Vietnam
11/2/2017,92.38,Thailand
11/3/2017,99.78,Cambodia
11/3/2017,101.63,Lao PDR
11/3/2017,100.74,Myanmar
11/3/2017,99.65,Vietnam
11/3/2017,92.62,Thailand
11/6/2017,99.78,Cambodia
11/6/2017,101.63,Lao PDR
11/6/2017,100.74,Myanmar
11/6/2017,99.66,Vietnam
11/6/2017,92.41,Thailand
11/7/2017,99.74,Cambodia
11/7/2017,101.61,Lao PDR
11/7/2017,100.74,Myanmar
11/7/2017,99.65,Vietnam
11/7/2017,92.52,Thailand
11/8/2017,99.79,Cambodia
11/8/2017,101.65,Lao PDR
11/8/2017,100.74,Myanmar
11/8/2017,99.64,Vietnam
11/8/2017,92.45,Thailand
11/9/2017,99.76,Cambodia
11/9/2017,101.54,Lao PDR
11/9/2017,100.74,Myanmar
11/9/2017,99.65,Vietnam
11/9/2017,92.43,Thailand
11/10/2017,99.68,Cambodia
11/10/2017,101.64,Lao PDR
11/10/2017,100.74,Myanmar
11/10/2017,99.65,Vietnam
11/10/2017,92.48,Thailand
11/13/2017,99.58,Cambodia
11/13/2017,101.64,Lao PDR
11/13/2017,100.74,Myanmar
11/13/2017,99.62,Vietnam
11/13/2017,92.29,Thailand
11/14/2017,99.56,Cambodia
11/14/2017,101.59,Lao PDR
11/14/2017,100.74,Myanmar
11/14/2017,99.66,Vietnam
11/14/2017,92.21,Thailand
11/15/2017,99.54,Cambodia
11/15/2017,101.64,Lao PDR
11/15/2017,100.74,Myanmar
11/15/2017,99.64,Vietnam
11/15/2017,92.16,Thailand
11/16/2017,99.58,Cambodia
11/16/2017,101.56,Lao PDR
11/16/2017,100.74,Myanmar
11/16/2017,99.64,Vietnam
11/16/2017,91.88,Thailand
11/17/2017,99.59,Cambodia
11/17/2017,101.61,Lao PDR
11/17/2017,100.74,Myanmar
11/17/2017,99.65,Vietnam
11/17/2017,91.65,Thailand
11/20/2017,99.42,Cambodia
11/20/2017,101.29,Lao PDR
11/20/2017,100.74,Myanmar
11/20/2017,99.64,Vietnam
11/20/2017,91.6,Thailand
11/21/2017,99.49,Cambodia
11/21/2017,101.61,Lao PDR
11/21/2017,100.74,Myanmar
11/21/2017,99.64,Vietnam
11/21/2017,91.43,Thailand
11/22/2017,99.55,Cambodia
11/22/2017,101.63,Lao PDR
11/22/2017,100.74,Myanmar
11/22/2017,99.69,Vietnam
11/22/2017,91.29,Thailand
11/23/2017,99.79,Cambodia
11/23/2017,101.63,Lao PDR
11/23/2017,100.74,Myanmar
11/23/2017,99.71,Vietnam
11/23/2017,91.21,Thailand
11/24/2017,99.6,Cambodia
11/24/2017,101.58,Lao PDR
11/24/2017,100.74,Myanmar
11/24/2017,99.7,Vietnam
11/24/2017,91.15,Thailand
11/27/2017,99.61,Cambodia
11/27/2017,101.59,Lao PDR
11/27/2017,100.74,Myanmar
11/27/2017,99.68,Vietnam
11/27/2017,91.04,Thailand
11/28/2017,99.65,Cambodia
11/28/2017,101.59,Lao PDR
11/28/2017,100.7,Myanmar
11/28/2017,99.66,Vietnam
11/28/2017,90.98,Thailand
11/29/2017,99.74,Cambodia
11/29/2017,101.57,Lao PDR
11/29/2017,100.7,Myanmar
11/29/2017,99.68,Vietnam
11/29/2017,90.9,Thailand
11/30/2017,99.64,Cambodia
11/30/2017,101.6,Lao PDR
11/30/2017,100.66,Myanmar
11/30/2017,99.67,Vietnam
11/30/2017,91.15,Thailand
12/1/2017,99.62,Cambodia
12/1/2017,101.57,Lao PDR
12/1/2017,100.66,Myanmar
12/1/2017,99.65,Vietnam
12/1/2017,91.01,Thailand
12/4/2017,99.68,Cambodia
12/4/2017,101.52,Lao PDR
12/4/2017,100.66,Myanmar
12/4/2017,99.66,Vietnam
12/4/2017,90.98,Thailand
12/5/2017,99.77,Cambodia
12/5/2017,101.42,Lao PDR
12/5/2017,100.66,Myanmar
12/5/2017,99.66,Vietnam
12/5/2017,91.07,Thailand
12/6/2017,99.75,Cambodia
12/6/2017,101.61,Lao PDR
12/6/2017,100.66,Myanmar
12/6/2017,99.66,Vietnam
12/6/2017,91.07,Thailand
12/7/2017,99.68,Cambodia
12/7/2017,101.57,Lao PDR
12/7/2017,100.66,Myanmar
12/7/2017,99.65,Vietnam
12/7/2017,91.07,Thailand
12/8/2017,99.68,Cambodia
12/8/2017,101.6,Lao PDR
12/8/2017,100.66,Myanmar
12/8/2017,99.64,Vietnam
12/8/2017,91.07,Thailand
12/11/2017,99.68,Cambodia
12/11/2017,101.62,Lao PDR
12/11/2017,100.66,Myanmar
12/11/2017,99.64,Vietnam
12/11/2017,91.04,Thailand
12/12/2017,99.73,Cambodia
12/12/2017,101.64,Lao PDR
12/12/2017,100.66,Myanmar
12/12/2017,99.65,Vietnam
12/12/2017,91.04,Thailand
12/13/2017,99.73,Cambodia
12/13/2017,101.63,Lao PDR
12/13/2017,100.7,Myanmar
12/13/2017,99.65,Vietnam
12/13/2017,90.82,Thailand
12/14/2017,99.72,Cambodia
12/14/2017,101.62,Lao PDR
12/14/2017,100.7,Myanmar
12/14/2017,99.66,Vietnam
12/14/2017,90.73,Thailand
12/15/2017,99.7,Cambodia
12/15/2017,101.64,Lao PDR
12/15/2017,100.7,Myanmar
12/15/2017,99.65,Vietnam
12/15/2017,90.76,Thailand
12/18/2017,99.73,Cambodia
12/18/2017,101.63,Lao PDR
12/18/2017,100.7,Myanmar
12/18/2017,99.66,Vietnam
12/18/2017,91.15,Thailand
12/19/2017,99.72,Cambodia
12/19/2017,101.61,Lao PDR
12/19/2017,100.7,Myanmar
12/19/2017,99.65,Vietnam
12/19/2017,91.32,Thailand
12/20/2017,99.75,Cambodia
12/20/2017,101.58,Lao PDR
12/20/2017,100.7,Myanmar
12/20/2017,99.65,Vietnam
12/20/2017,91.35,Thailand
12/21/2017,99.84,Cambodia
12/21/2017,101.6,Lao PDR
12/21/2017,100.7,Myanmar
12/21/2017,99.66,Vietnam
12/21/2017,91.35,Thailand
12/22/2017,99.75,Cambodia
12/22/2017,101.6,Lao PDR
12/22/2017,100.66,Myanmar
12/22/2017,99.65,Vietnam
12/22/2017,91.43,Thailand
12/25/2017,99.76,Cambodia
12/25/2017,101.4,Lao PDR
12/25/2017,100.66,Myanmar
12/25/2017,99.64,Vietnam
12/25/2017,91.43,Thailand
12/26/2017,99.84,Cambodia
12/26/2017,101.57,Lao PDR
12/26/2017,100.66,Myanmar
12/26/2017,99.6,Vietnam
12/26/2017,91.46,Thailand
12/27/2017,99.73,Cambodia
12/27/2017,101.57,Lao PDR
12/27/2017,100.66,Myanmar
12/27/2017,99.64,Vietnam
12/27/2017,91.57,Thailand
12/28/2017,99.83,Cambodia
12/28/2017,101.57,Lao PDR
12/28/2017,100.63,Myanmar
12/28/2017,99.64,Vietnam
12/28/2017,91.29,Thailand
12/29/2017,99.75,Cambodia
12/29/2017,101.52,Lao PDR
12/29/2017,100.59,Myanmar
12/29/2017,99.64,Vietnam
12/29/2017,90.9,Thailand
1/1/2018,99.81,Cambodia
1/1/2018,101.52,Lao PDR
1/1/2018,100.59,Myanmar
1/1/2018,99.64,Vietnam
1/1/2018,90.9,Thailand
1/2/2018,99.83,Cambodia
1/2/2018,101.54,Lao PDR
1/2/2018,100.55,Myanmar
1/2/2018,99.64,Vietnam
1/2/2018,90.54,Thailand
1/3/2018,99.77,Cambodia
1/3/2018,101.52,Lao PDR
1/3/2018,100.48,Myanmar
1/3/2018,99.63,Vietnam
1/3/2018,90.24,Thailand
1/4/2018,99.68,Cambodia
1/4/2018,101.54,Lao PDR
1/4/2018,100.48,Myanmar
1/4/2018,99.64,Vietnam
1/4/2018,90.09,Thailand
1/5/2018,99.85,Cambodia
1/5/2018,101.54,Lao PDR
1/5/2018,100.48,Myanmar
1/5/2018,99.63,Vietnam
1/5/2018,89.81,Thailand
1/8/2018,99.5,Cambodia
1/8/2018,101.54,Lao PDR
1/8/2018,100.48,Myanmar
1/8/2018,99.65,Vietnam
1/8/2018,89.95,Thailand
1/9/2018,99.56,Cambodia
1/9/2018,101.57,Lao PDR
1/9/2018,98.93,Myanmar
1/9/2018,99.63,Vietnam
1/9/2018,90.12,Thailand
1/10/2018,99.76,Cambodia
1/10/2018,101.41,Lao PDR
1/10/2018,99.3,Myanmar
1/10/2018,99.65,Vietnam
1/10/2018,89.67,Thailand
1/11/2018,99.76,Cambodia
1/11/2018,101.58,Lao PDR
1/11/2018,99.49,Myanmar
1/11/2018,99.62,Vietnam
1/11/2018,89.36,Thailand
1/12/2018,99.5,Cambodia
1/12/2018,101.54,Lao PDR
1/12/2018,99.41,Myanmar
1/12/2018,99.63,Vietnam
1/12/2018,89.17,Thailand
1/15/2018,99.48,Cambodia
1/15/2018,101.52,Lao PDR
1/15/2018,99.34,Myanmar
1/15/2018,99.63,Vietnam
1/15/2018,89.17,Thailand
1/16/2018,99.38,Cambodia
1/16/2018,101.34,Lao PDR
1/16/2018,98.71,Myanmar
1/16/2018,99.64,Vietnam
1/16/2018,89.17,Thailand
1/17/2018,99.41,Cambodia
1/17/2018,101.33,Lao PDR
1/17/2018,98.75,Myanmar
1/17/2018,99.65,Vietnam
1/17/2018,89.2,Thailand
1/18/2018,99.34,Cambodia
1/18/2018,101.51,Lao PDR
1/18/2018,99.12,Myanmar
1/18/2018,99.65,Vietnam
1/18/2018,89.08,Thailand
1/19/2018,99.39,Cambodia
1/19/2018,101.39,Lao PDR
1/19/2018,99.19,Myanmar
1/19/2018,99.65,Vietnam
1/19/2018,88.94,Thailand
1/22/2018,99.36,Cambodia
1/22/2018,101.52,Lao PDR
1/22/2018,99.04,Myanmar
1/22/2018,99.64,Vietnam
1/22/2018,88.92,Thailand
1/23/2018,99.2,Cambodia
1/23/2018,101.39,Lao PDR
1/23/2018,98.86,Myanmar
1/23/2018,99.64,Vietnam
1/23/2018,88.83,Thailand
1/24/2018,99.26,Cambodia
1/24/2018,101.32,Lao PDR
1/24/2018,98.49,Myanmar
1/24/2018,99.64,Vietnam
1/24/2018,88.07,Thailand
1/25/2018,99.19,Cambodia
1/25/2018,101.48,Lao PDR
1/25/2018,98.51,Myanmar
1/25/2018,99.65,Vietnam
1/25/2018,87.83,Thailand
1/26/2018,99.36,Cambodia
1/26/2018,101.47,Lao PDR
1/26/2018,98.03,Myanmar
1/26/2018,99.64,Vietnam
1/26/2018,87.52,Thailand
1/29/2018,99.28,Cambodia
1/29/2018,101.5,Lao PDR
1/29/2018,97.9,Myanmar
1/29/2018,99.64,Vietnam
1/29/2018,87.77,Thailand
1/30/2018,99.28,Cambodia
1/30/2018,101.5,Lao PDR
1/30/2018,97.87,Myanmar
1/30/2018,99.64,Vietnam
1/30/2018,87.72,Thailand
1/31/2018,99.21,Cambodia
1/31/2018,101.48,Lao PDR
1/31/2018,97.87,Myanmar
1/31/2018,99.64,Vietnam
1/31/2018,87.52,Thailand
2/1/2018,99.19,Cambodia
2/1/2018,101.41,Lao PDR
2/1/2018,97.76,Myanmar
2/1/2018,99.63,Vietnam
2/1/2018,87.38,Thailand
2/2/2018,99.28,Cambodia
2/2/2018,101.32,Lao PDR
2/2/2018,97.81,Myanmar
2/2/2018,99.63,Vietnam
2/2/2018,87.81,Thailand
2/5/2018,99.32,Cambodia
2/5/2018,101.4,Lao PDR
2/5/2018,97.76,Myanmar
2/5/2018,99.62,Vietnam
2/5/2018,88.3,Thailand
2/6/2018,99.39,Cambodia
2/6/2018,101.47,Lao PDR
2/6/2018,97.65,Myanmar
2/6/2018,99.64,Vietnam
2/6/2018,88,Thailand
2/7/2018,99.1,Cambodia
2/7/2018,101.43,Lao PDR
2/7/2018,97.83,Myanmar
2/7/2018,99.61,Vietnam
2/7/2018,88.36,Thailand
2/8/2018,99.19,Cambodia
2/8/2018,101.15,Lao PDR
2/8/2018,97.9,Myanmar
2/8/2018,99.59,Vietnam
2/8/2018,89.06,Thailand
2/9/2018,99.25,Cambodia
2/9/2018,101.51,Lao PDR
2/9/2018,97.9,Myanmar
2/9/2018,99.6,Vietnam
2/9/2018,88.55,Thailand
2/12/2018,99.34,Cambodia
2/12/2018,101.33,Lao PDR
2/12/2018,97.9,Myanmar
2/12/2018,99.61,Vietnam
2/12/2018,88.34,Thailand
2/13/2018,99.31,Cambodia
2/13/2018,101.15,Lao PDR
2/13/2018,97.68,Myanmar
2/13/2018,99.65,Vietnam
2/13/2018,87.88,Thailand
2/14/2018,99.19,Cambodia
2/14/2018,101.12,Lao PDR
2/14/2018,97.65,Myanmar
2/14/2018,99.62,Vietnam
2/14/2018,87.49,Thailand
2/15/2018,99.37,Cambodia
2/15/2018,101.09,Lao PDR
2/15/2018,97.79,Myanmar
2/15/2018,99.62,Vietnam
2/15/2018,87.31,Thailand
2/16/2018,99.07,Cambodia
2/16/2018,101.09,Lao PDR
2/16/2018,97.76,Myanmar
2/16/2018,99.62,Vietnam
2/16/2018,87.4,Thailand
2/19/2018,99.14,Cambodia
2/19/2018,101.07,Lao PDR
2/19/2018,97.61,Myanmar
2/19/2018,99.62,Vietnam
2/19/2018,87.66,Thailand
2/20/2018,99.33,Cambodia
2/20/2018,101.1,Lao PDR
2/20/2018,97.35,Myanmar
2/20/2018,99.57,Vietnam
2/20/2018,87.94,Thailand
2/21/2018,98.98,Cambodia
2/21/2018,101.1,Lao PDR
2/21/2018,97.9,Myanmar
2/21/2018,99.67,Vietnam
2/21/2018,88.09,Thailand
2/22/2018,99.16,Cambodia
2/22/2018,101.16,Lao PDR
2/22/2018,98.64,Myanmar
2/22/2018,99.69,Vietnam
2/22/2018,87.87,Thailand
2/23/2018,99.2,Cambodia
2/23/2018,101.31,Lao PDR
2/23/2018,98.64,Myanmar
2/23/2018,99.77,Vietnam
2/23/2018,87.66,Thailand
2/26/2018,99.07,Cambodia
2/26/2018,101.34,Lao PDR
2/26/2018,98.64,Myanmar
2/26/2018,99.78,Vietnam
2/26/2018,87.33,Thailand
2/27/2018,99.03,Cambodia
2/27/2018,101.15,Lao PDR
2/27/2018,98.64,Myanmar
2/27/2018,99.81,Vietnam
2/27/2018,87.88,Thailand
2/28/2018,99.06,Cambodia
2/28/2018,101.18,Lao PDR
2/28/2018,98.6,Myanmar
2/28/2018,99.84,Vietnam
2/28/2018,87.91,Thailand
3/1/2018,99.01,Cambodia
3/1/2018,101.24,Lao PDR
3/1/2018,98.6,Myanmar
3/1/2018,99.81,Vietnam
3/1/2018,87.95,Thailand
3/2/2018,98.82,Cambodia
3/2/2018,101.38,Lao PDR
3/2/2018,98.6,Myanmar
3/2/2018,99.86,Vietnam
3/2/2018,87.77,Thailand
3/5/2018,98.83,Cambodia
3/5/2018,101.16,Lao PDR
3/5/2018,98.53,Myanmar
3/5/2018,99.88,Vietnam
3/5/2018,87.69,Thailand
3/6/2018,99.22,Cambodia
3/6/2018,101.16,Lao PDR
3/6/2018,98.46,Myanmar
3/6/2018,99.9,Vietnam
3/6/2018,87.38,Thailand
3/7/2018,98.84,Cambodia
3/7/2018,101.15,Lao PDR
3/7/2018,98.38,Myanmar
3/7/2018,99.85,Vietnam
3/7/2018,87.44,Thailand
3/8/2018,99.22,Cambodia
3/8/2018,101.15,Lao PDR
3/8/2018,98.49,Myanmar
3/8/2018,99.84,Vietnam
3/8/2018,87.59,Thailand
3/9/2018,99.21,Cambodia
3/9/2018,101.15,Lao PDR
3/9/2018,98.64,Myanmar
3/9/2018,99.86,Vietnam
3/9/2018,87.44,Thailand
3/12/2018,98.84,Cambodia
3/12/2018,101.18,Lao PDR
3/12/2018,98.53,Myanmar
3/12/2018,99.85,Vietnam
3/12/2018,87.37,Thailand
3/13/2018,98.64,Cambodia
3/13/2018,101.17,Lao PDR
3/13/2018,98.53,Myanmar
3/13/2018,99.87,Vietnam
3/13/2018,87.19,Thailand
3/14/2018,98.73,Cambodia
3/14/2018,101.15,Lao PDR
3/14/2018,98.64,Myanmar
3/14/2018,99.88,Vietnam
3/14/2018,86.99,Thailand
3/15/2018,98.88,Cambodia
3/15/2018,101.16,Lao PDR
3/15/2018,98.49,Myanmar
3/15/2018,99.89,Vietnam
3/15/2018,87.13,Thailand
3/16/2018,98.75,Cambodia
3/16/2018,101.2,Lao PDR
3/16/2018,98.55,Myanmar
3/16/2018,99.87,Vietnam
3/16/2018,87.21,Thailand
3/19/2018,99.21,Cambodia
3/19/2018,101.21,Lao PDR
3/19/2018,98.57,Myanmar
3/19/2018,99.89,Vietnam
3/19/2018,87.09,Thailand
3/20/2018,98.57,Cambodia
3/20/2018,101.31,Lao PDR
3/20/2018,98.64,Myanmar
3/20/2018,99.92,Vietnam
3/20/2018,87.07,Thailand
3/21/2018,98.45,Cambodia
3/21/2018,101.19,Lao PDR
3/21/2018,98.64,Myanmar
3/21/2018,99.92,Vietnam
3/21/2018,86.99,Thailand
3/22/2018,99.17,Cambodia
3/22/2018,101.18,Lao PDR
3/22/2018,98.64,Myanmar
3/22/2018,100.01,Vietnam
3/22/2018,87.41,Thailand
3/23/2018,98.7,Cambodia
3/23/2018,101.2,Lao PDR
3/23/2018,98.49,Myanmar
3/23/2018,100.04,Vietnam
3/23/2018,87.07,Thailand
3/26/2018,98.66,Cambodia
3/26/2018,101.18,Lao PDR
3/26/2018,98.34,Myanmar
3/26/2018,100.08,Vietnam
3/26/2018,86.91,Thailand
3/27/2018,98.63,Cambodia
3/27/2018,101.15,Lao PDR
3/27/2018,98.34,Myanmar
3/27/2018,100.1,Vietnam
3/27/2018,87.16,Thailand
3/28/2018,98.64,Cambodia
3/28/2018,101.15,Lao PDR
3/28/2018,98.2,Myanmar
3/28/2018,100.11,Vietnam
3/28/2018,87.33,Thailand
3/29/2018,98.84,Cambodia
3/29/2018,101.2,Lao PDR
3/29/2018,98.42,Myanmar
3/29/2018,100.07,Vietnam
3/29/2018,87.26,Thailand
3/30/2018,98.82,Cambodia
3/30/2018,101.2,Lao PDR
3/30/2018,98.09,Myanmar
3/30/2018,100,Vietnam
3/30/2018,87.05,Thailand
4/2/2018,98.75,Cambodia
4/2/2018,101.2,Lao PDR
4/2/2018,98.2,Myanmar
4/2/2018,100,Vietnam
4/2/2018,87.19,Thailand
4/3/2018,98.55,Cambodia
4/3/2018,101.2,Lao PDR
4/3/2018,98.05,Myanmar
4/3/2018,100.07,Vietnam
4/3/2018,87.05,Thailand
4/4/2018,99.16,Cambodia
4/4/2018,101.2,Lao PDR
4/4/2018,97.98,Myanmar
4/4/2018,100.1,Vietnam
4/4/2018,87.13,Thailand
4/5/2018,98.78,Cambodia
4/5/2018,101.2,Lao PDR
4/5/2018,97.98,Myanmar
4/5/2018,100.09,Vietnam
4/5/2018,87.24,Thailand
4/6/2018,98.94,Cambodia
4/6/2018,101.23,Lao PDR
4/6/2018,97.98,Myanmar
4/6/2018,100.04,Vietnam
4/6/2018,87.31,Thailand
4/9/2018,98.94,Cambodia
4/9/2018,101.21,Lao PDR
4/9/2018,97.94,Myanmar
4/9/2018,100,Vietnam
4/9/2018,87.3,Thailand
4/10/2018,98.73,Cambodia
4/10/2018,101.2,Lao PDR
4/10/2018,97.9,Myanmar
4/10/2018,100,Vietnam
4/10/2018,87.1,Thailand
4/11/2018,99.05,Cambodia
4/11/2018,101.18,Lao PDR
4/11/2018,97.68,Myanmar
4/11/2018,99.99,Vietnam
4/11/2018,86.89,Thailand
4/12/2018,99.18,Cambodia
4/12/2018,101.18,Lao PDR
4/12/2018,97.54,Myanmar
4/12/2018,99.98,Vietnam
4/12/2018,87.19,Thailand
4/13/2018,99.21,Cambodia
4/13/2018,101.18,Lao PDR
4/13/2018,97.46,Myanmar
4/13/2018,99.97,Vietnam
4/13/2018,87.02,Thailand
4/16/2018,99.07,Cambodia
4/16/2018,101.18,Lao PDR
4/16/2018,97.98,Myanmar
4/16/2018,99.93,Vietnam
4/16/2018,87.13,Thailand
4/17/2018,99.09,Cambodia
4/17/2018,101.18,Lao PDR
4/17/2018,97.61,Myanmar
4/17/2018,99.91,Vietnam
4/17/2018,87.13,Thailand
4/18/2018,99.3,Cambodia
4/18/2018,101.18,Lao PDR
4/18/2018,97.61,Myanmar
4/18/2018,99.92,Vietnam
4/18/2018,87.1,Thailand
4/19/2018,99.19,Cambodia
4/19/2018,101.18,Lao PDR
4/19/2018,97.46,Myanmar
4/19/2018,99.94,Vietnam
4/19/2018,87.2,Thailand
4/20/2018,99.24,Cambodia
4/20/2018,101.2,Lao PDR
4/20/2018,97.83,Myanmar
4/20/2018,99.91,Vietnam
4/20/2018,87.49,Thailand
4/23/2018,99.19,Cambodia
4/23/2018,101.39,Lao PDR
4/23/2018,97.83,Myanmar
4/23/2018,99.91,Vietnam
4/23/2018,88.02,Thailand
4/24/2018,99.31,Cambodia
4/24/2018,101.23,Lao PDR
4/24/2018,97.65,Myanmar
4/24/2018,99.89,Vietnam
4/24/2018,87.8,Thailand
4/25/2018,99.3,Cambodia
4/25/2018,101.24,Lao PDR
4/25/2018,97.83,Myanmar
4/25/2018,99.89,Vietnam
4/25/2018,88.02,Thailand
4/26/2018,99.53,Cambodia
4/26/2018,101.24,Lao PDR
4/26/2018,98.27,Myanmar
4/26/2018,99.89,Vietnam
4/26/2018,88.25,Thailand
4/27/2018,99.69,Cambodia
4/27/2018,101.3,Lao PDR
4/27/2018,98.2,Myanmar
4/27/2018,99.87,Vietnam
4/27/2018,88,Thailand
4/30/2018,99.67,Cambodia
4/30/2018,101.56,Lao PDR
4/30/2018,98.57,Myanmar
4/30/2018,99.87,Vietnam
4/30/2018,88.09,Thailand
5/1/2018,99.84,Cambodia
5/1/2018,101.3,Lao PDR
5/1/2018,98.57,Myanmar
5/1/2018,99.87,Vietnam
5/1/2018,88.47,Thailand
5/2/2018,99.82,Cambodia
5/2/2018,101.63,Lao PDR
5/2/2018,98.57,Myanmar
5/2/2018,99.86,Vietnam
5/2/2018,88.69,Thailand
5/3/2018,99.87,Cambodia
5/3/2018,101.65,Lao PDR
5/3/2018,98.79,Myanmar
5/3/2018,99.87,Vietnam
5/3/2018,88.27,Thailand
5/4/2018,100.18,Cambodia
5/4/2018,101.63,Lao PDR
5/4/2018,98.79,Myanmar
5/4/2018,99.89,Vietnam
5/4/2018,88.67,Thailand
5/7/2018,100.96,Cambodia
5/7/2018,101.65,Lao PDR
5/7/2018,98.93,Myanmar
5/7/2018,99.89,Vietnam
5/7/2018,88.94,Thailand
5/8/2018,100.8,Cambodia
5/8/2018,101.65,Lao PDR
5/8/2018,98.57,Myanmar
5/8/2018,99.91,Vietnam
5/8/2018,89.15,Thailand
5/9/2018,100.06,Cambodia
5/9/2018,101.68,Lao PDR
5/9/2018,98.57,Myanmar
5/9/2018,99.93,Vietnam
5/9/2018,89.73,Thailand
5/10/2018,100.33,Cambodia
5/10/2018,101.68,Lao PDR
5/10/2018,98.71,Myanmar
5/10/2018,99.9,Vietnam
5/10/2018,89.28,Thailand
5/11/2018,100.14,Cambodia
5/11/2018,101.67,Lao PDR
5/11/2018,98.71,Myanmar
5/11/2018,99.9,Vietnam
5/11/2018,89.11,Thailand
5/14/2018,100.11,Cambodia
5/14/2018,101.84,Lao PDR
5/14/2018,98.71,Myanmar
5/14/2018,99.89,Vietnam
5/14/2018,89.07,Thailand
5/15/2018,100.33,Cambodia
5/15/2018,101.82,Lao PDR
5/15/2018,98.71,Myanmar
5/15/2018,99.9,Vietnam
5/15/2018,89.7,Thailand
5/16/2018,100.4,Cambodia
5/16/2018,101.7,Lao PDR
5/16/2018,99.49,Myanmar
5/16/2018,99.91,Vietnam
5/16/2018,89.45,Thailand
5/17/2018,100.3,Cambodia
5/17/2018,101.71,Lao PDR
5/17/2018,99.41,Myanmar
5/17/2018,99.92,Vietnam
5/17/2018,89.61,Thailand
5/18/2018,101.21,Cambodia
5/18/2018,101.71,Lao PDR
5/18/2018,99.52,Myanmar
5/18/2018,99.97,Vietnam
5/18/2018,89.89,Thailand
5/21/2018,100.18,Cambodia
5/21/2018,101.75,Lao PDR
5/21/2018,99.15,Myanmar
5/21/2018,99.91,Vietnam
5/21/2018,89.77,Thailand
5/22/2018,100.27,Cambodia
5/22/2018,101.78,Lao PDR
5/22/2018,99.37,Myanmar
5/22/2018,99.9,Vietnam
5/22/2018,89.32,Thailand
5/23/2018,100.39,Cambodia
5/23/2018,101.8,Lao PDR
5/23/2018,99.52,Myanmar
5/23/2018,99.92,Vietnam
5/23/2018,89.63,Thailand
5/24/2018,100.49,Cambodia
5/24/2018,101.8,Lao PDR
5/24/2018,99.52,Myanmar
5/24/2018,99.93,Vietnam
5/24/2018,89.32,Thailand
5/25/2018,100.63,Cambodia
5/25/2018,101.8,Lao PDR
5/25/2018,99.74,Myanmar
5/25/2018,99.9,Vietnam
5/25/2018,89.14,Thailand
5/27/2018,100.57,Cambodia
5/27/2018,102.3,Lao PDR
5/27/2018,99.88,Myanmar
5/27/2018,99.95,Vietnam
5/27/2018,88.86,Thailand
5/28/2018,100.63,Cambodia
5/28/2018,102.14,Lao PDR
5/28/2018,99.82,Myanmar
5/28/2018,100.09,Vietnam
5/28/2018,89.34,Thailand
5/29/2018,100.75,Cambodia
5/29/2018,102.17,Lao PDR
5/29/2018,99.74,Myanmar
5/29/2018,100.2,Vietnam
5/29/2018,89.6,Thailand
5/30/2018,100.92,Cambodia
5/30/2018,102.37,Lao PDR
5/30/2018,99.67,Myanmar
5/30/2018,100.27,Vietnam
5/30/2018,89.42,Thailand
5/31/2018,100.75,Cambodia
5/31/2018,102.19,Lao PDR
5/31/2018,99.67,Myanmar
5/31/2018,100.06,Vietnam
5/31/2018,89.5,Thailand
6/1/2018,100.85,Cambodia
6/1/2018,102.18,Lao PDR
6/1/2018,99.74,Myanmar
6/1/2018,100.02,Vietnam
6/1/2018,89.45,Thailand
6/3/2018,100.9,Cambodia
6/3/2018,102.53,Lao PDR
6/3/2018,100.16,Myanmar
6/3/2018,100.36,Vietnam
6/3/2018,89.42,Thailand
6/4/2018,101.68,Cambodia
6/4/2018,102.18,Lao PDR
6/4/2018,99.67,Myanmar
6/4/2018,100.15,Vietnam
6/4/2018,89.35,Thailand
6/5/2018,100.13,Cambodia
6/5/2018,102.18,Lao PDR
6/5/2018,99.74,Myanmar
6/5/2018,100.16,Vietnam
6/5/2018,89.14,Thailand
6/6/2018,100.8,Cambodia
6/6/2018,102.18,Lao PDR
6/6/2018,99.67,Myanmar
6/6/2018,100.06,Vietnam
6/6/2018,89.1,Thailand
6/7/2018,100.81,Cambodia
6/7/2018,102.18,Lao PDR
6/7/2018,99.67,Myanmar
6/7/2018,100.04,Vietnam
6/7/2018,89.42,Thailand
6/8/2018,100.55,Cambodia
6/8/2018,102.16,Lao PDR
6/8/2018,99.6,Myanmar
6/8/2018,100,Vietnam
6/8/2018,89.46,Thailand
6/10/2018,100.17,Cambodia
6/10/2018,101.77,Lao PDR
6/10/2018,99.36,Myanmar
6/10/2018,99.62,Vietnam
6/10/2018,89.51,Thailand
6/11/2018,100.13,Cambodia
6/11/2018,102.17,Lao PDR
6/11/2018,99.71,Myanmar
6/11/2018,100.1,Vietnam
6/11/2018,89.48,Thailand
6/12/2018,100.3,Cambodia
6/12/2018,102.18,Lao PDR
6/12/2018,99.96,Myanmar
6/12/2018,100.09,Vietnam
6/12/2018,89.6,Thailand
6/13/2018,100.01,Cambodia
6/13/2018,102.18,Lao PDR
6/13/2018,100.29,Myanmar
6/13/2018,100.09,Vietnam
6/13/2018,89.67,Thailand
6/14/2018,100.42,Cambodia
6/14/2018,102.17,Lao PDR
6/14/2018,100.4,Myanmar
6/14/2018,100.09,Vietnam
6/14/2018,89.92,Thailand
6/15/2018,100.43,Cambodia
6/15/2018,102.43,Lao PDR
6/15/2018,100.11,Myanmar
6/15/2018,100.1,Vietnam
6/15/2018,91.21,Thailand
6/17/2018,100.42,Cambodia
6/17/2018,102.76,Lao PDR
6/17/2018,100.16,Myanmar
6/17/2018,100.1,Vietnam
6/17/2018,91.23,Thailand
6/18/2018,100.43,Cambodia
6/18/2018,102.42,Lao PDR
6/18/2018,100.66,Myanmar
6/18/2018,100.19,Vietnam
6/18/2018,91.18,Thailand
6/19/2018,100.19,Cambodia
6/19/2018,102.41,Lao PDR
6/19/2018,100.92,Myanmar
6/19/2018,100.27,Vietnam
6/19/2018,91.42,Thailand
6/20/2018,100.29,Cambodia
6/20/2018,102.41,Lao PDR
6/20/2018,101.21,Myanmar
6/20/2018,100.33,Vietnam
6/20/2018,91.62,Thailand
6/21/2018,100.34,Cambodia
6/21/2018,102.43,Lao PDR
6/21/2018,101.73,Myanmar
6/21/2018,100.37,Vietnam
6/21/2018,91.85,Thailand
6/22/2018,100.26,Cambodia
6/22/2018,102.43,Lao PDR
6/22/2018,102.02,Myanmar
6/22/2018,100.44,Vietnam
6/22/2018,91.93,Thailand
6/24/2018,100.3,Cambodia
6/24/2018,102.73,Lao PDR
6/24/2018,102.01,Myanmar
6/24/2018,100.36,Vietnam
6/24/2018,91.92,Thailand
6/25/2018,100.45,Cambodia
6/25/2018,102.41,Lao PDR
6/25/2018,102.17,Myanmar
6/25/2018,100.46,Vietnam
6/25/2018,91.95,Thailand
6/26/2018,100.42,Cambodia
6/26/2018,102.4,Lao PDR
6/26/2018,102.39,Myanmar
6/26/2018,100.56,Vietnam
6/26/2018,92.21,Thailand
6/27/2018,100.42,Cambodia
6/27/2018,102.4,Lao PDR
6/27/2018,103.86,Myanmar
6/27/2018,100.63,Vietnam
6/27/2018,92.31,Thailand
6/28/2018,100.22,Cambodia
6/28/2018,102.86,Lao PDR
6/28/2018,104.38,Myanmar
6/28/2018,100.63,Vietnam
6/28/2018,92.55,Thailand
6/29/2018,100.23,Cambodia
6/29/2018,102.86,Lao PDR
6/29/2018,103.9,Myanmar
6/29/2018,100.73,Vietnam
6/29/2018,92.21,Thailand
7/1/2018,100.42,Cambodia
7/1/2018,103.04,Lao PDR
7/1/2018,103.84,Myanmar
7/1/2018,100.73,Vietnam
7/1/2018,92.27,Thailand
7/2/2018,100.13,Cambodia
7/2/2018,102.83,Lao PDR
7/2/2018,103.38,Myanmar
7/2/2018,100.71,Vietnam
7/2/2018,92.59,Thailand
7/3/2018,100.11,Cambodia
7/3/2018,102.84,Lao PDR
7/3/2018,103.71,Myanmar
7/3/2018,101.11,Vietnam
7/3/2018,92.57,Thailand
7/4/2018,100.21,Cambodia
7/4/2018,102.84,Lao PDR
7/4/2018,103.82,Myanmar
7/4/2018,101.08,Vietnam
7/4/2018,92.57,Thailand
7/5/2018,100.18,Cambodia
7/5/2018,102.84,Lao PDR
7/5/2018,103.57,Myanmar
7/5/2018,101.09,Vietnam
7/5/2018,92.7,Thailand
7/6/2018,100.13,Cambodia
7/6/2018,102.82,Lao PDR
7/6/2018,103.64,Myanmar
7/6/2018,101.07,Vietnam
7/6/2018,92.55,Thailand
7/8/2018,99.84,Cambodia
7/8/2018,102.41,Lao PDR
7/8/2018,103.48,Myanmar
7/8/2018,100.66,Vietnam
7/8/2018,92.52,Thailand
7/9/2018,100.66,Cambodia
7/9/2018,102.81,Lao PDR
7/9/2018,103.75,Myanmar
7/9/2018,101.08,Vietnam
7/9/2018,92.29,Thailand
7/10/2018,99.77,Cambodia
7/10/2018,102.81,Lao PDR
7/10/2018,104.08,Myanmar
7/10/2018,101.08,Vietnam
7/10/2018,92.63,Thailand
7/11/2018,100.83,Cambodia
7/11/2018,102.83,Lao PDR
7/11/2018,104.45,Myanmar
7/11/2018,101.1,Vietnam
7/11/2018,93.05,Thailand
7/12/2018,99.51,Cambodia
7/12/2018,102.86,Lao PDR
7/12/2018,104.82,Myanmar
7/12/2018,101.12,Vietnam
7/12/2018,92.71,Thailand
7/13/2018,100.23,Cambodia
7/13/2018,102.86,Lao PDR
7/13/2018,104.71,Myanmar
7/13/2018,101.13,Vietnam
7/13/2018,92.99,Thailand
7/15/2018,100.1,Cambodia
7/15/2018,103.03,Lao PDR
7/15/2018,104.66,Myanmar
7/15/2018,101.11,Vietnam
7/15/2018,93.04,Thailand
7/16/2018,100.2,Cambodia
7/16/2018,102.86,Lao PDR
7/16/2018,104.82,Myanmar
7/16/2018,101.13,Vietnam
7/16/2018,92.87,Thailand
7/17/2018,100.26,Cambodia
7/17/2018,102.85,Lao PDR
7/17/2018,105.33,Myanmar
7/17/2018,101.13,Vietnam
7/17/2018,92.99,Thailand
7/18/2018,100.23,Cambodia
7/18/2018,102.88,Lao PDR
7/18/2018,105.74,Myanmar
7/18/2018,101.13,Vietnam
7/18/2018,92.98,Thailand
7/19/2018,100.28,Cambodia
7/19/2018,102.88,Lao PDR
7/19/2018,105.74,Myanmar
7/19/2018,101.14,Vietnam
7/19/2018,93.44,Thailand
7/20/2018,100.28,Cambodia
7/20/2018,102.88,Lao PDR
7/20/2018,106.58,Myanmar
7/20/2018,101.15,Vietnam
7/20/2018,93.05,Thailand
7/22/2018,99.59,Cambodia
7/22/2018,102.18,Lao PDR
7/22/2018,105.85,Myanmar
7/22/2018,100.45,Vietnam
7/22/2018,93.02,Thailand
7/23/2018,100.39,Cambodia
7/23/2018,102.86,Lao PDR
7/23/2018,106.44,Myanmar
7/23/2018,101.9,Vietnam
7/23/2018,93.3,Thailand
7/24/2018,100.57,Cambodia
7/24/2018,102.89,Lao PDR
7/24/2018,106.29,Myanmar
7/24/2018,102.01,Vietnam
7/24/2018,93.2,Thailand
7/25/2018,100.71,Cambodia
7/25/2018,102.89,Lao PDR
7/25/2018,106.73,Myanmar
7/25/2018,101.86,Vietnam
7/25/2018,92.74,Thailand
7/26/2018,100.01,Cambodia
7/26/2018,102.88,Lao PDR
7/26/2018,106.8,Myanmar
7/26/2018,101.7,Vietnam
7/26/2018,93.33,Thailand
7/27/2018,99.95,Cambodia
7/27/2018,102.92,Lao PDR
7/27/2018,106.8,Myanmar
7/27/2018,101.93,Vietnam
7/27/2018,93.22,Thailand
7/29/2018,100.5,Cambodia
7/29/2018,102.93,Lao PDR
7/29/2018,106.82,Myanmar
7/29/2018,101.93,Vietnam
7/29/2018,93.24,Thailand
7/30/2018,100.2,Cambodia
7/30/2018,102.94,Lao PDR
7/30/2018,107.02,Myanmar
7/30/2018,102.04,Vietnam
7/30/2018,92.91,Thailand
7/31/2018,100.22,Cambodia
7/31/2018,102.94,Lao PDR
7/31/2018,107.28,Myanmar
7/31/2018,102.15,Vietnam
7/31/2018,92.69,Thailand
8/1/2018,100.32,Cambodia
8/1/2018,102.95,Lao PDR
8/1/2018,107.25,Myanmar
8/1/2018,102.19,Vietnam
8/1/2018,92.57,Thailand
8/2/2018,100.26,Cambodia
8/2/2018,102.95,Lao PDR
8/2/2018,107.39,Myanmar
8/2/2018,102.15,Vietnam
8/2/2018,92.94,Thailand
8/3/2018,100.26,Cambodia
8/3/2018,103.01,Lao PDR
8/3/2018,107.94,Myanmar
8/3/2018,102.25,Vietnam
8/3/2018,92.85,Thailand
8/5/2018,100.45,Cambodia
8/5/2018,103.22,Lao PDR
8/5/2018,107.89,Myanmar
8/5/2018,102.25,Vietnam
8/5/2018,92.85,Thailand
8/6/2018,100.38,Cambodia
8/6/2018,103.03,Lao PDR
8/6/2018,107.91,Myanmar
8/6/2018,102.26,Vietnam
8/6/2018,93.1,Thailand
8/7/2018,100.53,Cambodia
8/7/2018,103.03,Lao PDR
8/7/2018,108.09,Myanmar
8/7/2018,102.24,Vietnam
8/7/2018,92.73,Thailand
8/8/2018,100.51,Cambodia
8/8/2018,103.09,Lao PDR
8/8/2018,108.28,Myanmar
8/8/2018,102.15,Vietnam
8/8/2018,92.8,Thailand
8/9/2018,100.54,Cambodia
8/9/2018,103.09,Lao PDR
8/9/2018,108.24,Myanmar
8/9/2018,102.13,Vietnam
8/9/2018,92.8,Thailand
8/10/2018,100.55,Cambodia
8/10/2018,103.45,Lao PDR
8/10/2018,108.13,Myanmar
8/10/2018,102.12,Vietnam
8/10/2018,93.05,Thailand
8/12/2018,100.55,Cambodia
8/12/2018,103.37,Lao PDR
8/12/2018,108.12,Myanmar
8/12/2018,102.12,Vietnam
8/12/2018,92.99,Thailand
8/13/2018,100.55,Cambodia
8/13/2018,103.95,Lao PDR
8/13/2018,108.97,Myanmar
8/13/2018,102.29,Vietnam
8/13/2018,93.15,Thailand
8/14/2018,100.45,Cambodia
8/14/2018,103.94,Lao PDR
8/14/2018,109.75,Myanmar
8/14/2018,102.29,Vietnam
8/14/2018,92.94,Thailand
8/15/2018,100.55,Cambodia
8/15/2018,104.06,Lao PDR
8/15/2018,111.36,Myanmar
8/15/2018,102.28,Vietnam
8/15/2018,93.08,Thailand
8/16/2018,100.55,Cambodia
8/16/2018,104.06,Lao PDR
8/16/2018,112.39,Myanmar
8/16/2018,102.28,Vietnam
8/16/2018,92.57,Thailand
8/17/2018,100.82,Cambodia
8/17/2018,104.06,Lao PDR
8/17/2018,112.17,Myanmar
8/17/2018,102.2,Vietnam
8/17/2018,92.6,Thailand
8/19/2018,100.57,Cambodia
8/19/2018,104.01,Lao PDR
8/19/2018,109.57,Myanmar
8/19/2018,102.2,Vietnam
8/19/2018,92.63,Thailand
8/20/2018,100.57,Cambodia
8/20/2018,104.03,Lao PDR
8/20/2018,112.54,Myanmar
8/20/2018,102.11,Vietnam
8/20/2018,91.96,Thailand
8/21/2018,100.46,Cambodia
8/21/2018,104.02,Lao PDR
8/21/2018,111.22,Myanmar
8/21/2018,102.09,Vietnam
8/21/2018,91.18,Thailand
8/22/2018,100.55,Cambodia
8/22/2018,103.98,Lao PDR
8/22/2018,111.22,Myanmar
8/22/2018,102.11,Vietnam
8/22/2018,91.23,Thailand
8/23/2018,100.59,Cambodia
8/23/2018,103.98,Lao PDR
8/23/2018,111.99,Myanmar
8/23/2018,102.15,Vietnam
8/23/2018,91.82,Thailand
8/24/2018,100.28,Cambodia
8/24/2018,103.98,Lao PDR
8/24/2018,113.64,Myanmar
8/24/2018,102.24,Vietnam
8/24/2018,91.07,Thailand
8/26/2018,100.29,Cambodia
8/26/2018,103.58,Lao PDR
8/26/2018,113.21,Myanmar
8/26/2018,101.86,Vietnam
8/26/2018,90.95,Thailand
8/27/2018,100.93,Cambodia
8/27/2018,103.98,Lao PDR
8/27/2018,112.54,Myanmar
8/27/2018,102.2,Vietnam
8/27/2018,90.87,Thailand
8/28/2018,101.11,Cambodia
8/28/2018,103.98,Lao PDR
8/28/2018,113.31,Myanmar
8/28/2018,102.21,Vietnam
8/28/2018,90.95,Thailand
8/29/2018,100.92,Cambodia
8/29/2018,103.96,Lao PDR
8/29/2018,113.64,Myanmar
8/29/2018,102.23,Vietnam
8/29/2018,91.26,Thailand
8/30/2018,100.81,Cambodia
8/30/2018,103.96,Lao PDR
8/30/2018,112.54,Myanmar
8/30/2018,102.24,Vietnam
8/30/2018,91.51,Thailand
8/31/2018,101.14,Cambodia
8/31/2018,103.98,Lao PDR
8/31/2018,111.62,Myanmar
8/31/2018,102.24,Vietnam
8/31/2018,91.47,Thailand
9/2/2018,101.12,Cambodia
9/2/2018,104.03,Lao PDR
9/2/2018,111.67,Myanmar
9/2/2018,102.29,Vietnam
9/2/2018,91.53,Thailand
9/3/2018,100.99,Cambodia
9/3/2018,104.02,Lao PDR
9/3/2018,113.61,Myanmar
9/3/2018,102.24,Vietnam
9/3/2018,91.26,Thailand
9/4/2018,101.07,Cambodia
9/4/2018,104.02,Lao PDR
9/4/2018,113.35,Myanmar
9/4/2018,102.28,Vietnam
9/4/2018,91.54,Thailand
9/5/2018,101.02,Cambodia
9/5/2018,104.04,Lao PDR
9/5/2018,113.5,Myanmar
9/5/2018,102.29,Vietnam
9/5/2018,91.51,Thailand
9/6/2018,99.95,Cambodia
9/6/2018,104.01,Lao PDR
9/6/2018,113.9,Myanmar
9/6/2018,102.29,Vietnam
9/6/2018,91.54,Thailand
9/7/2018,100.72,Cambodia
9/7/2018,104.03,Lao PDR
9/7/2018,113.46,Myanmar
9/7/2018,102.24,Vietnam
9/7/2018,91.68,Thailand
9/9/2018,100.83,Cambodia
9/9/2018,104.13,Lao PDR
9/9/2018,113.59,Myanmar
9/9/2018,102.34,Vietnam
9/9/2018,91.65,Thailand
9/10/2018,100.7,Cambodia
9/10/2018,104.06,Lao PDR
9/10/2018,114.01,Myanmar
9/10/2018,102.24,Vietnam
9/10/2018,91.6,Thailand
9/11/2018,101.3,Cambodia
9/11/2018,103.95,Lao PDR
9/11/2018,114.75,Myanmar
9/11/2018,102.16,Vietnam
9/11/2018,91.5,Thailand
9/12/2018,101.33,Cambodia
9/12/2018,104.06,Lao PDR
9/12/2018,114.75,Myanmar
9/12/2018,102.14,Vietnam
9/12/2018,91.35,Thailand
9/13/2018,101.16,Cambodia
9/13/2018,104.06,Lao PDR
9/13/2018,114.56,Myanmar
9/13/2018,102.12,Vietnam
9/13/2018,91.07,Thailand
9/14/2018,101.25,Cambodia
9/14/2018,104.04,Lao PDR
9/14/2018,113.76,Myanmar
9/14/2018,102,Vietnam
9/14/2018,91.26,Thailand
9/16/2018,101.31,Cambodia
9/16/2018,103.95,Lao PDR
9/16/2018,113.76,Myanmar
9/16/2018,102,Vietnam
9/16/2018,91.35,Thailand
9/17/2018,101.32,Cambodia
9/17/2018,104.07,Lao PDR
9/17/2018,115.19,Myanmar
9/17/2018,102.19,Vietnam
9/17/2018,90.95,Thailand
9/18/2018,101.27,Cambodia
9/18/2018,104.05,Lao PDR
9/18/2018,114.9,Myanmar
9/18/2018,102.14,Vietnam
9/18/2018,90.91,Thailand
9/19/2018,101.24,Cambodia
9/19/2018,104.05,Lao PDR
9/19/2018,116.51,Myanmar
9/19/2018,102.26,Vietnam
9/19/2018,90.48,Thailand
9/20/2018,101.3,Cambodia
9/20/2018,104.05,Lao PDR
9/20/2018,118.61,Myanmar
9/20/2018,102.32,Vietnam
9/20/2018,90.3,Thailand
9/21/2018,101.36,Cambodia
9/21/2018,104.05,Lao PDR
9/21/2018,119.68,Myanmar
9/21/2018,102.37,Vietnam
9/21/2018,90.54,Thailand
9/23/2018,101.1,Cambodia
9/23/2018,103.98,Lao PDR
9/23/2018,119.6,Myanmar
9/23/2018,102.31,Vietnam
9/23/2018,90.56,Thailand
9/24/2018,101.41,Cambodia
9/24/2018,104.03,Lao PDR
9/24/2018,117.91,Myanmar
9/24/2018,102.39,Vietnam
9/24/2018,90.54,Thailand
9/25/2018,101.62,Cambodia
9/25/2018,104.03,Lao PDR
9/25/2018,117.58,Myanmar
9/25/2018,102.42,Vietnam
9/25/2018,90.48,Thailand
9/26/2018,100.98,Cambodia
9/26/2018,103.84,Lao PDR
9/26/2018,117.33,Myanmar
9/26/2018,102.44,Vietnam
9/26/2018,90.56,Thailand
